[
    {
        "model": "auth.permission",
        "pk": 1,
        "fields": {
            "name": "Can add log entry",
            "content_type": 1,
            "codename": "add_logentry"
        }
    },
    {
        "model": "auth.permission",
        "pk": 2,
        "fields": {
            "name": "Can change log entry",
            "content_type": 1,
            "codename": "change_logentry"
        }
    },
    {
        "model": "auth.permission",
        "pk": 3,
        "fields": {
            "name": "Can delete log entry",
            "content_type": 1,
            "codename": "delete_logentry"
        }
    },
    {
        "model": "auth.permission",
        "pk": 4,
        "fields": {
            "name": "Can view log entry",
            "content_type": 1,
            "codename": "view_logentry"
        }
    },
    {
        "model": "auth.permission",
        "pk": 5,
        "fields": {
            "name": "Can add permission",
            "content_type": 2,
            "codename": "add_permission"
        }
    },
    {
        "model": "auth.permission",
        "pk": 6,
        "fields": {
            "name": "Can change permission",
            "content_type": 2,
            "codename": "change_permission"
        }
    },
    {
        "model": "auth.permission",
        "pk": 7,
        "fields": {
            "name": "Can delete permission",
            "content_type": 2,
            "codename": "delete_permission"
        }
    },
    {
        "model": "auth.permission",
        "pk": 8,
        "fields": {
            "name": "Can view permission",
            "content_type": 2,
            "codename": "view_permission"
        }
    },
    {
        "model": "auth.permission",
        "pk": 9,
        "fields": {
            "name": "Can add group",
            "content_type": 3,
            "codename": "add_group"
        }
    },
    {
        "model": "auth.permission",
        "pk": 10,
        "fields": {
            "name": "Can change group",
            "content_type": 3,
            "codename": "change_group"
        }
    },
    {
        "model": "auth.permission",
        "pk": 11,
        "fields": {
            "name": "Can delete group",
            "content_type": 3,
            "codename": "delete_group"
        }
    },
    {
        "model": "auth.permission",
        "pk": 12,
        "fields": {
            "name": "Can view group",
            "content_type": 3,
            "codename": "view_group"
        }
    },
    {
        "model": "auth.permission",
        "pk": 13,
        "fields": {
            "name": "Can add user",
            "content_type": 4,
            "codename": "add_user"
        }
    },
    {
        "model": "auth.permission",
        "pk": 14,
        "fields": {
            "name": "Can change user",
            "content_type": 4,
            "codename": "change_user"
        }
    },
    {
        "model": "auth.permission",
        "pk": 15,
        "fields": {
            "name": "Can delete user",
            "content_type": 4,
            "codename": "delete_user"
        }
    },
    {
        "model": "auth.permission",
        "pk": 16,
        "fields": {
            "name": "Can view user",
            "content_type": 4,
            "codename": "view_user"
        }
    },
    {
        "model": "auth.permission",
        "pk": 17,
        "fields": {
            "name": "Can add content type",
            "content_type": 5,
            "codename": "add_contenttype"
        }
    },
    {
        "model": "auth.permission",
        "pk": 18,
        "fields": {
            "name": "Can change content type",
            "content_type": 5,
            "codename": "change_contenttype"
        }
    },
    {
        "model": "auth.permission",
        "pk": 19,
        "fields": {
            "name": "Can delete content type",
            "content_type": 5,
            "codename": "delete_contenttype"
        }
    },
    {
        "model": "auth.permission",
        "pk": 20,
        "fields": {
            "name": "Can view content type",
            "content_type": 5,
            "codename": "view_contenttype"
        }
    },
    {
        "model": "auth.permission",
        "pk": 21,
        "fields": {
            "name": "Can add session",
            "content_type": 6,
            "codename": "add_session"
        }
    },
    {
        "model": "auth.permission",
        "pk": 22,
        "fields": {
            "name": "Can change session",
            "content_type": 6,
            "codename": "change_session"
        }
    },
    {
        "model": "auth.permission",
        "pk": 23,
        "fields": {
            "name": "Can delete session",
            "content_type": 6,
            "codename": "delete_session"
        }
    },
    {
        "model": "auth.permission",
        "pk": 24,
        "fields": {
            "name": "Can view session",
            "content_type": 6,
            "codename": "view_session"
        }
    },
    {
        "model": "auth.permission",
        "pk": 25,
        "fields": {
            "name": "Can add quermi profile user",
            "content_type": 7,
            "codename": "add_quermiprofileuser"
        }
    },
    {
        "model": "auth.permission",
        "pk": 26,
        "fields": {
            "name": "Can change quermi profile user",
            "content_type": 7,
            "codename": "change_quermiprofileuser"
        }
    },
    {
        "model": "auth.permission",
        "pk": 27,
        "fields": {
            "name": "Can delete quermi profile user",
            "content_type": 7,
            "codename": "delete_quermiprofileuser"
        }
    },
    {
        "model": "auth.permission",
        "pk": 28,
        "fields": {
            "name": "Can view quermi profile user",
            "content_type": 7,
            "codename": "view_quermiprofileuser"
        }
    },
    {
        "model": "auth.permission",
        "pk": 29,
        "fields": {
            "name": "Can add profile language",
            "content_type": 8,
            "codename": "add_profilelanguage"
        }
    },
    {
        "model": "auth.permission",
        "pk": 30,
        "fields": {
            "name": "Can change profile language",
            "content_type": 8,
            "codename": "change_profilelanguage"
        }
    },
    {
        "model": "auth.permission",
        "pk": 31,
        "fields": {
            "name": "Can delete profile language",
            "content_type": 8,
            "codename": "delete_profilelanguage"
        }
    },
    {
        "model": "auth.permission",
        "pk": 32,
        "fields": {
            "name": "Can view profile language",
            "content_type": 8,
            "codename": "view_profilelanguage"
        }
    },
    {
        "model": "auth.permission",
        "pk": 33,
        "fields": {
            "name": "Can add profile services",
            "content_type": 9,
            "codename": "add_profileservices"
        }
    },
    {
        "model": "auth.permission",
        "pk": 34,
        "fields": {
            "name": "Can change profile services",
            "content_type": 9,
            "codename": "change_profileservices"
        }
    },
    {
        "model": "auth.permission",
        "pk": 35,
        "fields": {
            "name": "Can delete profile services",
            "content_type": 9,
            "codename": "delete_profileservices"
        }
    },
    {
        "model": "auth.permission",
        "pk": 36,
        "fields": {
            "name": "Can view profile services",
            "content_type": 9,
            "codename": "view_profileservices"
        }
    },
    {
        "model": "auth.permission",
        "pk": 37,
        "fields": {
            "name": "Can add contract",
            "content_type": 10,
            "codename": "add_contract"
        }
    },
    {
        "model": "auth.permission",
        "pk": 38,
        "fields": {
            "name": "Can change contract",
            "content_type": 10,
            "codename": "change_contract"
        }
    },
    {
        "model": "auth.permission",
        "pk": 39,
        "fields": {
            "name": "Can delete contract",
            "content_type": 10,
            "codename": "delete_contract"
        }
    },
    {
        "model": "auth.permission",
        "pk": 40,
        "fields": {
            "name": "Can view contract",
            "content_type": 10,
            "codename": "view_contract"
        }
    },
    {
        "model": "auth.permission",
        "pk": 41,
        "fields": {
            "name": "Can add quermi profile user",
            "content_type": 9,
            "codename": "add_quermiprofileuser"
        }
    },
    {
        "model": "auth.permission",
        "pk": 42,
        "fields": {
            "name": "Can change quermi profile user",
            "content_type": 9,
            "codename": "change_quermiprofileuser"
        }
    },
    {
        "model": "auth.permission",
        "pk": 43,
        "fields": {
            "name": "Can delete quermi profile user",
            "content_type": 9,
            "codename": "delete_quermiprofileuser"
        }
    },
    {
        "model": "auth.permission",
        "pk": 44,
        "fields": {
            "name": "Can view quermi profile user",
            "content_type": 9,
            "codename": "view_quermiprofileuser"
        }
    },
    {
        "model": "auth.permission",
        "pk": 45,
        "fields": {
            "name": "Can add profile services",
            "content_type": 7,
            "codename": "add_profileservices"
        }
    },
    {
        "model": "auth.permission",
        "pk": 46,
        "fields": {
            "name": "Can change profile services",
            "content_type": 7,
            "codename": "change_profileservices"
        }
    },
    {
        "model": "auth.permission",
        "pk": 47,
        "fields": {
            "name": "Can delete profile services",
            "content_type": 7,
            "codename": "delete_profileservices"
        }
    },
    {
        "model": "auth.permission",
        "pk": 48,
        "fields": {
            "name": "Can view profile services",
            "content_type": 7,
            "codename": "view_profileservices"
        }
    },
    {
        "model": "auth.permission",
        "pk": 49,
        "fields": {
            "name": "Can add report",
            "content_type": 11,
            "codename": "add_report"
        }
    },
    {
        "model": "auth.permission",
        "pk": 50,
        "fields": {
            "name": "Can change report",
            "content_type": 11,
            "codename": "change_report"
        }
    },
    {
        "model": "auth.permission",
        "pk": 51,
        "fields": {
            "name": "Can delete report",
            "content_type": 11,
            "codename": "delete_report"
        }
    },
    {
        "model": "auth.permission",
        "pk": 52,
        "fields": {
            "name": "Can view report",
            "content_type": 11,
            "codename": "view_report"
        }
    },
    {
        "model": "auth.user",
        "pk": 1,
        "fields": {
            "password": "pbkdf2_sha256$216000$X5ZXur4jhKeX$VLhZQBonkx0n9TXCwhy42vGmrGiQP7t7z4JCNGVdTx8=",
            "last_login": "2020-11-08T13:53:00.382Z",
            "is_superuser": true,
            "username": "admin",
            "first_name": "Admin",
            "last_name": "Perez",
            "email": "admin@admin.com",
            "is_staff": true,
            "is_active": true,
            "date_joined": "2020-08-06T12:01:57Z",
            "groups": [],
            "user_permissions": []
        }
    },
    {
        "model": "auth.user",
        "pk": 2,
        "fields": {
            "password": "pbkdf2_sha256$216000$X5ZXur4jhKeX$VLhZQBonkx0n9TXCwhy42vGmrGiQP7t7z4JCNGVdTx8=",
            "last_login": null,
            "is_superuser": false,
            "username": "fernando",
            "first_name": "Fernando",
            "last_name": "Perez",
            "email": "fernando.perez@gmail.com",
            "is_staff": false,
            "is_active": true,
            "date_joined": "2020-08-07T23:30:03Z",
            "groups": [],
            "user_permissions": []
        }
    },
    {
        "model": "auth.user",
        "pk": 3,
        "fields": {
            "password": "pbkdf2_sha256$216000$X5ZXur4jhKeX$VLhZQBonkx0n9TXCwhy42vGmrGiQP7t7z4JCNGVdTx8=",
            "last_login": null,
            "is_superuser": false,
            "username": "marcela",
            "first_name": "Marcela",
            "last_name": "Marianne",
            "email": "marce.marian@gmail.com",
            "is_staff": false,
            "is_active": true,
            "date_joined": "2020-08-07T23:30:22Z",
            "groups": [],
            "user_permissions": []
        }
    },
    {
        "model": "auth.user",
        "pk": 4,
        "fields": {
            "password": "pbkdf2_sha256$216000$X5ZXur4jhKeX$VLhZQBonkx0n9TXCwhy42vGmrGiQP7t7z4JCNGVdTx8=",
            "last_login": null,
            "is_superuser": false,
            "username": "niconico",
            "first_name": "Nicolas",
            "last_name": "Fernandez",
            "email": "nico.nico@gmail.com",
            "is_staff": false,
            "is_active": true,
            "date_joined": "2020-08-07T23:30:40Z",
            "groups": [],
            "user_permissions": []
        }
    },
    {
        "model": "auth.user",
        "pk": 98,
        "fields": {
            "password": "pbkdf2_sha256$216000$4p8DRpf620DS$mYRI+44RMCcUK1e6isXaMUbHRYknBgaWskt6/F0bIrw=",
            "last_login": null,
            "is_superuser": false,
            "username": "ricardo",
            "first_name": "Ricardo",
            "last_name": "Fuentes",
            "email": "ricardo.fuentes@email.com",
            "is_staff": false,
            "is_active": true,
            "date_joined": "2020-11-08T14:00:12Z",
            "groups": [],
            "user_permissions": []
        }
    },
    {
        "model": "auth.user",
        "pk": 99,
        "fields": {
            "password": "pbkdf2_sha256$216000$GwSdwsZlt74d$agdfv435UrRjDN6ZnIVxI99bK/qEz0QmC9ejYJHEhJs=",
            "last_login": null,
            "is_superuser": false,
            "username": "florencia",
            "first_name": "Florencia",
            "last_name": "Soria",
            "email": "flor.soria@email.com",
            "is_staff": false,
            "is_active": true,
            "date_joined": "2020-11-08T14:00:53Z",
            "groups": [],
            "user_permissions": []
        }
    },
    {
        "model": "auth.user",
        "pk": 100,
        "fields": {
            "password": "pbkdf2_sha256$216000$m8OwUxI8ALRL$32xQdqaOo4ouQnCtzcpJGTrRkQdzeIzWhs0G1Fun718=",
            "last_login": null,
            "is_superuser": false,
            "username": "roberto_c",
            "first_name": "Roberto",
            "last_name": "Carlo",
            "email": "roberto.carlo@email.com",
            "is_staff": false,
            "is_active": true,
            "date_joined": "2020-11-08T14:01:09Z",
            "groups": [],
            "user_permissions": []
        }
    },
    {
        "model": "auth.user",
        "pk": 101,
        "fields": {
            "password": "pbkdf2_sha256$216000$jjCCsWOYQfQW$u/Y1mAEUjHvygnvHTT3gUJ0JdRSdhaMi6zZPUWOAVpA=",
            "last_login": null,
            "is_superuser": false,
            "username": "lorenzo",
            "first_name": "Lorenzo",
            "last_name": "Fernandez",
            "email": "lorenzo.fernandez@email.com",
            "is_staff": false,
            "is_active": true,
            "date_joined": "2020-11-08T14:01:30Z",
            "groups": [],
            "user_permissions": []
        }
    },
    {
        "model": "auth.user",
        "pk": 102,
        "fields": {
            "password": "pbkdf2_sha256$216000$Ts0ZA677XGIR$acgJN4ExW7gqjibiQly0z0/MtKSh9ouxqMeklUV3k4c=",
            "last_login": null,
            "is_superuser": false,
            "username": "teresa_p",
            "first_name": "Teresa",
            "last_name": "Palaos",
            "email": "teresa.palaos@email.com",
            "is_staff": false,
            "is_active": true,
            "date_joined": "2020-11-08T14:01:44Z",
            "groups": [],
            "user_permissions": []
        }
    },
    {
        "model": "auth.user",
        "pk": 103,
        "fields": {
            "password": "pbkdf2_sha256$216000$fn2gQ5lZofC1$e4Ir6RgIew76YLHVTU/vieWXXSmiDifOOgekRgWGRpw=",
            "last_login": null,
            "is_superuser": false,
            "username": "carlos_a",
            "first_name": "Carlos",
            "last_name": "Alberto",
            "email": "carlos.alberto@email.com",
            "is_staff": false,
            "is_active": true,
            "date_joined": "2020-11-08T14:06:03Z",
            "groups": [],
            "user_permissions": []
        }
    },
    {
        "model": "auth.user",
        "pk": 104,
        "fields": {
            "password": "pbkdf2_sha256$216000$SVkjZmOadf8B$wi+UEp5CH2X0FAeuSi1MJzRYhMwWJDp4VICtqyvnA4I=",
            "last_login": null,
            "is_superuser": false,
            "username": "lucia_m",
            "first_name": "Lucia",
            "last_name": "De los mares",
            "email": "lucia.delosmares@email.com",
            "is_staff": false,
            "is_active": true,
            "date_joined": "2020-11-08T14:06:15Z",
            "groups": [],
            "user_permissions": []
        }
    },
    {
        "model": "users.profileservices",
        "pk": 1,
        "fields": {
            "name": "HCR"
        }
    },
    {
        "model": "users.profileservices",
        "pk": 2,
        "fields": {
            "name": "MOR"
        }
    },
    {
        "model": "users.profileservices",
        "pk": 3,
        "fields": {
            "name": "WKR"
        }
    },
    {
        "model": "users.profileservices",
        "pk": 4,
        "fields": {
            "name": "PRO"
        }
    },
    {
        "model": "users.profileservices",
        "pk": 5,
        "fields": {
            "name": "PHY"
        }
    },
    {
        "model": "users.profileservices",
        "pk": 6,
        "fields": {
            "name": "HCL"
        }
    },
    {
        "model": "users.profileservices",
        "pk": 7,
        "fields": {
            "name": "SFC"
        }
    },
    {
        "model": "users.profileservices",
        "pk": 8,
        "fields": {
            "name": "OTH"
        }
    },
    {
        "model": "users.profilelanguage",
        "pk": 1,
        "fields": {
            "name": "ES"
        }
    },
    {
        "model": "users.profilelanguage",
        "pk": 2,
        "fields": {
            "name": "EN"
        }
    },
    {
        "model": "users.quermiprofileuser",
        "pk": 2,
        "fields": {
            "user": 2,
            "role": "CARE_PROVIDER",
            "profile_photo_url": "https://images.unsplash.com/photo-1587993941439-d7b14daafdcc?ixlib=rb-1.2.1&ixid=eyJhcHBfaWQiOjEyMDd9&auto=format&fit=crop&w=1000&q=80",
            "doc_id_photo_url": "https://dmv.ny.gov/sites/default/files/styles/panopoly_image_original/public/standard2x_1.png?itok=0",
            "profile_description": "Soy Fernando, y me gusta dedicar mi tiempo libre a entretener a otros, a hacer reír. Me gusta pasar el tiempo sobretodo jugando a las cartas con la gente que cuido.",
            "birth_date": "1998-06-01T00:00:00Z",
            "available_hour_from": "12:00:00",
            "available_hour_to": "18:00:00",
            "experience": "2 años en el hogar de ancianos La Rosa,Voluntario en Rotaract,Cuidado de persona mayor Mario Fernández. Tel 099 052 129",
            "address": "Address",
            "profile_status": {
                "love_profile": 1,
                "covidTestCheck": true,
                "autonomousProfessionalCheck": true,
                "otherCareServiceDescription": ""
            },
            "languages": [
                1,
                2
            ],
            "services": [
                8,
                1,
                2,
                3
            ]
        }
    },
    {
        "model": "users.quermiprofileuser",
        "pk": 3,
        "fields": {
            "user": 3,
            "role": "CARE_PROVIDER",
            "profile_photo_url": "https://i.pinimg.com/originals/30/9d/0e/309d0e66f25b571c3ebe29c34429af2f.jpg",
            "doc_id_photo_url": "https://dmv.ny.gov/sites/default/files/styles/panopoly_image_original/public/standard2x_1.png?itok=0",
            "profile_description": "Marcela, me he dedicado desde jóven a cuidar niños y personas mayores, y me gusta la vocación de cuidar y atender personas. Enfermera en formación.",
            "birth_date": "1994-04-04T00:00:00Z",
            "available_hour_from": "09:00:00",
            "available_hour_to": "15:00:00",
            "experience": "5 años cuidando ancianos,Estudiante del Instituto de Enfermería Patrón Morales",
            "address": "Address",
            "profile_status": {
                "a": 1,
                "love_profile": 1
            },
            "languages": [
                1
            ],
            "services": [
                1,
                2,
                3,
                6
            ]
        }
    },
    {
        "model": "users.quermiprofileuser",
        "pk": 4,
        "fields": {
            "user": 4,
            "role": "CARE_PROVIDER",
            "profile_photo_url": "https://images.squarespace-cdn.com/content/v1/591a1e365016e1fdd9dfb153/1567564154677-AMO4GQDF4NTG8OGVBTGA/ke17ZwdGBToddI8pDm48kMXRibDYMhUiookWqwUxEZ97gQa3H78H3Y0txjaiv_0fDoOvxcdMmMKkDsyUqMSsMWxHk725yiiHCCLfrh8O1z4YTzHvnKhyp6Da-NYroOW3ZGjoBKy3azqku80C789l0luUmcNM2NMBIHLdYyXL-Jww_XBra4mrrAHD6FMA3bNKOBm5vyMDUBjVQdcIrt03OQ/ashkan-forouzani-RbqZucCIHNw-unsplash.jpg",
            "doc_id_photo_url": "https://dmv.ny.gov/sites/default/files/styles/panopoly_image_original/public/standard2x_1.png?itok=0",
            "profile_description": "Nicolás, me encanta jugar con la gente y pasar un buen rato. Recreador en proceso.",
            "birth_date": "1996-05-05T00:00:00Z",
            "available_hour_from": "12:00:00",
            "available_hour_to": "16:00:00",
            "experience": "Cuidador de ancianos para la familia Romero. Tel 099 052 129,3 años como recreador con niños y ancianos,Estudiante de la Licenciatura de Recreación en la UBA",
            "address": "Address",
            "profile_status": {
                "a": 1,
                "love_profile": 1
            },
            "languages": [
                1
            ],
            "services": [
                1,
                3,
                5,
                6,
                8
            ]
        }
    },
    {
        "model": "users.quermiprofileuser",
        "pk": 18,
        "fields": {
            "user": 1,
            "role": "PATIENT",
            "profile_photo_url": "https://png.pngtree.com/element_our/sm/20180628/sm_5b348d4c557a7.jpg",
            "doc_id_photo_url": "text",
            "profile_description": "Description",
            "birth_date": "1995-07-09T03:03:42Z",
            "available_hour_from": "06:00:00",
            "available_hour_to": "12:00:00",
            "experience": "Experience",
            "address": "Address",
            "profile_status": {
                "love_profile": 1
            },
            "languages": [
                1
            ],
            "services": [
                2,
                6
            ]
        }
    },
    {
        "model": "users.quermiprofileuser",
        "pk": 25,
        "fields": {
            "user": 102,
            "role": "PATIENT",
            "profile_photo_url": "https://thumbnails.cbc.ca/maven_legacy/thumbnails/726/255/Dorothy_Rose_16_x_9_corrected.jpg",
            "doc_id_photo_url": "a",
            "profile_description": "Description",
            "birth_date": "1954-05-02T12:00:00Z",
            "available_hour_from": "12:00:00",
            "available_hour_to": "17:00:00",
            "experience": "Experience",
            "address": "Address",
            "profile_status": {
                "status": false
            },
            "languages": [
                2
            ],
            "services": [
                1,
                2,
                6
            ]
        }
    },
    {
        "model": "users.quermiprofileuser",
        "pk": 26,
        "fields": {
            "user": 100,
            "role": "PATIENT",
            "profile_photo_url": "https://www.laprensagrafica.com/__export/1529944211856/sites/prensagrafica/img/2018/06/25/richard.jpg_1902800913.jpg",
            "doc_id_photo_url": "a",
            "profile_description": "Description",
            "birth_date": "1949-04-04T15:02:27Z",
            "available_hour_from": "09:00:00",
            "available_hour_to": "16:00:00",
            "experience": "Experience",
            "address": "Address",
            "profile_status": {
                "status": false
            },
            "languages": [
                1,
                2
            ],
            "services": [
                1,
                3,
                7
            ]
        }
    },
    {
        "model": "users.quermiprofileuser",
        "pk": 27,
        "fields": {
            "user": 99,
            "role": "CARE_PROVIDER",
            "profile_photo_url": "https://static01.nyt.com/images/2014/11/03/world/03iran/03iran-superJumbo.jpg",
            "doc_id_photo_url": "a",
            "profile_description": "Description",
            "birth_date": "1998-12-12T11:29:00Z",
            "available_hour_from": "10:00:00",
            "available_hour_to": "16:00:00",
            "experience": "Experience",
            "address": "Address",
            "profile_status": {
                "status": false
            },
            "languages": [
                1,
                2
            ],
            "services": [
                1,
                3,
                6,
                7
            ]
        }
    },
    {
        "model": "users.quermiprofileuser",
        "pk": 28,
        "fields": {
            "user": 101,
            "role": "CARE_PROVIDER",
            "profile_photo_url": "https://images.unsplash.com/photo-1590756252677-8b92843273bf?ixlib=rb-1.2.1&ixid=eyJhcHBfaWQiOjEyMDd9&w=1000&q=80",
            "doc_id_photo_url": "a",
            "profile_description": "Description",
            "birth_date": "1990-02-02T19:30:00Z",
            "available_hour_from": "07:00:00",
            "available_hour_to": "14:00:00",
            "experience": "Experience",
            "address": "Address",
            "profile_status": {
                "status": false
            },
            "languages": [
                2
            ],
            "services": [
                1,
                3,
                4,
                5,
                7
            ]
        }
    },
    {
        "model": "users.quermiprofileuser",
        "pk": 29,
        "fields": {
            "user": 98,
            "role": "PATIENT",
            "profile_photo_url": "https://i1.wp.com/www.denverpost.com/wp-content/uploads/2017/12/img_1401.png",
            "doc_id_photo_url": "a",
            "profile_description": "Description",
            "birth_date": "1959-12-12T04:20:00Z",
            "available_hour_from": "14:00:00",
            "available_hour_to": "20:00:00",
            "experience": "Experience",
            "address": "Address",
            "profile_status": {
                "status": false
            },
            "languages": [
                2
            ],
            "services": [
                1,
                2,
                3,
                5
            ]
        }
    },
    {
        "model": "users.quermiprofileuser",
        "pk": 30,
        "fields": {
            "user": 103,
            "role": "PATIENT",
            "profile_photo_url": "https://cdn.pixabay.com/photo/2018/05/19/10/15/grandparents-3413102_1280.jpg",
            "doc_id_photo_url": "a",
            "profile_description": "Description",
            "birth_date": "1964-01-03T15:44:28Z",
            "available_hour_from": "12:00:00",
            "available_hour_to": "19:00:00",
            "experience": "Experience",
            "address": "Address",
            "profile_status": {
                "status": false
            },
            "languages": [
                2
            ],
            "services": [
                1,
                2,
                7
            ]
        }
    },
    {
        "model": "users.quermiprofileuser",
        "pk": 31,
        "fields": {
            "user": 104,
            "role": "CARE_PROVIDER",
            "profile_photo_url": "https://encrypted-tbn0.gstatic.com/images?q=tbn%3AANd9GcSPM1OATjWOTiP_pXuWXPSPRUo4z866BdzVOA&usqp=CAU",
            "doc_id_photo_url": "a",
            "profile_description": "Description",
            "birth_date": "2000-05-18T13:30:00Z",
            "available_hour_from": "09:00:00",
            "available_hour_to": "18:00:00",
            "experience": "2 years caring people",
            "address": "Address",
            "profile_status": {
                "status": false
            },
            "languages": [
                1,
                2
            ],
            "services": [
                1,
                2,
                4,
                6,
                7
            ]
        }
    },
    {
        "model": "services.contract",
        "pk": 6,
        "fields": {
            "patient": 18,
            "care_person": 2,
            "start_date": "2020-09-22T00:00:00Z",
            "end_date": "2020-09-22T00:00:00Z",
            "status": "CADD"
        }
    },
    {
        "model": "services.report",
        "pk": 1,
        "fields": {
            "date": "2020-09-11T01:23:41.126Z",
            "description": "",
            "rate": 3,
            "origin_profile": 18,
            "profile_rated": 2
        }
    },
    {
        "model": "services.report",
        "pk": 34,
        "fields": {
            "date": "2020-09-11T01:47:49.322Z",
            "description": "",
            "rate": 4,
            "origin_profile": 18,
            "profile_rated": 2
        }
    },
    {
        "model": "services.report",
        "pk": 35,
        "fields": {
            "date": "2020-09-19T16:34:08.181Z",
            "description": "Test",
            "rate": 4,
            "origin_profile": 18,
            "profile_rated": 2
        }
    },
    {
        "model": "services.report",
        "pk": 36,
        "fields": {
            "date": "2020-09-19T16:56:38.777Z",
            "description": "Best",
            "rate": 5,
            "origin_profile": 18,
            "profile_rated": 2
        }
    },
    {
        "model": "services.report",
        "pk": 37,
        "fields": {
            "date": "2020-09-19T16:57:53.795Z",
            "description": "Testtt",
            "rate": 4,
            "origin_profile": 18,
            "profile_rated": 2
        }
    },
    {
        "model": "services.report",
        "pk": 38,
        "fields": {
            "date": "2020-09-19T16:58:25.247Z",
            "description": "test",
            "rate": 2,
            "origin_profile": 18,
            "profile_rated": 2
        }
    },
    {
        "model": "services.report",
        "pk": 39,
        "fields": {
            "date": "2020-09-19T16:59:49.101Z",
            "description": "test",
            "rate": 4,
            "origin_profile": 18,
            "profile_rated": 2
        }
    },
    {
        "model": "services.report",
        "pk": 40,
        "fields": {
            "date": "2020-09-19T17:04:27.015Z",
            "description": "test",
            "rate": 1,
            "origin_profile": 18,
            "profile_rated": 2
        }
    },
    {
        "model": "services.report",
        "pk": 41,
        "fields": {
            "date": "2020-09-19T17:06:50.130Z",
            "description": "ttt",
            "rate": 5,
            "origin_profile": 18,
            "profile_rated": 2
        }
    },
    {
        "model": "services.report",
        "pk": 42,
        "fields": {
            "date": "2020-09-19T17:10:10.320Z",
            "description": "test",
            "rate": 5,
            "origin_profile": 18,
            "profile_rated": 2
        }
    },
    {
        "model": "services.report",
        "pk": 43,
        "fields": {
            "date": "2020-09-19T17:19:35.183Z",
            "description": "test",
            "rate": 4,
            "origin_profile": 18,
            "profile_rated": 2
        }
    },
    {
        "model": "services.report",
        "pk": 44,
        "fields": {
            "date": "2020-09-20T12:58:06.355Z",
            "description": "",
            "rate": 4,
            "origin_profile": 18,
            "profile_rated": 2
        }
    },
    {
        "model": "services.report",
        "pk": 45,
        "fields": {
            "date": "2020-09-20T13:22:50.881Z",
            "description": "Good service",
            "rate": 4,
            "origin_profile": 18,
            "profile_rated": 2
        }
    }
]